{
  "expression_data": "          TCGA-E2-A14P  TCGA-AN-A04A  TCGA-5L-AAT1  TCGA-GI-A2C8\nTSPAN6        3.270571      2.968513      3.334135      3.656322\nTNMD          2.917106      2.917115      3.674747      3.382656\nDPM1          2.783143      3.290167      2.786740      2.785368\nSCYL3         3.156657      1.623732      1.813138      2.726979\nC1orf112      2.423023      3.189884      2.498768      2.102192\n...                ...           ...           ...           ...\nMPO           3.423868      3.129153      3.861165      2.567876\nPON1          2.546403      2.703959      1.401807      2.749325\nGCFC2         2.600931      3.113467      3.202335      3.768416\nWDR54         3.453817      2.717951      2.505551      3.268507\nCROT          2.180884      3.754695      3.538233      2.783321\n\n[99 rows x 4 columns]",
  "labels": "sample_id\nTCGA-E2-A14P    0\nTCGA-AN-A04A    0\nTCGA-5L-AAT1    1\nTCGA-GI-A2C8    1\ndtype: int64",
  "selection_methods": [
    "logistic_regression"
  ],
  "n_features": 50,
  "method_results": {
    "stability": {
      "method": "stability_selection",
      "n_bootstrap": 100,
      "threshold": 0.5,
      "selected_features": [],
      "selection_probabilities": {
        "TSPAN6": 0.0,
        "TNMD": 0.0,
        "DPM1": 0.0,
        "SCYL3": 0.0,
        "C1orf112": 0.0,
        "FGR": 0.0,
        "CFH": 0.0,
        "FUCA2": 0.0,
        "GCLC": 0.0,
        "NFYA": 0.0,
        "STPG1": 0.0,
        "NIPAL3": 0.0,
        "LAS1L": 0.0,
        "ENPP4": 0.0,
        "SEMA3F": 0.0,
        "CFTR": 0.0,
        "ANKIB1": 0.0,
        "CYP51A1": 0.0,
        "KRIT1": 0.0,
        "RAD52": 0.0,
        "MYH16": 0.0,
        "BAD": 0.0,
        "LAP3": 0.0,
        "CD99": 0.0,
        "HS3ST1": 0.0,
        "AOC1": 0.0,
        "WNT16": 0.0,
        "HECW1": 0.0,
        "MAD1L1": 0.0,
        "LASP1": 0.0,
        "SNX11": 0.0,
        "TMEM176A": 0.0,
        "M6PR": 0.0,
        "KLHL13": 0.0,
        "CYP26B1": 0.0,
        "ICA1": 0.0,
        "DBNDD1": 0.0,
        "ALS2": 0.0,
        "CASP10": 0.0,
        "CFLAR": 0.0,
        "TFPI": 0.0,
        "NDUFAF7": 0.0,
        "RBM5": 0.0,
        "MTMR7": 0.0,
        "SLC7A2": 0.0,
        "ARF5": 0.0,
        "SARM1": 0.0,
        "POLDIP2": 0.0,
        "PLXND1": 0.0,
        "AK2": 0.0,
        "CD38": 0.0,
        "FKBP4": 0.0,
        "KDM1A": 0.0,
        "RBM6": 0.0,
        "CAMKK1": 0.0,
        "RECQL": 0.0,
        "VPS50": 0.0,
        "HSPB6": 0.0,
        "ARHGAP33": 0.0,
        "NDUFAB1": 0.0,
        "PDK4": 0.0,
        "SLC22A16": 0.0,
        "ZMYND10": 0.0,
        "ABCB5": 0.0,
        "ARX": 0.0,
        "SLC25A13": 0.0,
        "ST7": 0.0,
        "CDC27": 0.0,
        "SLC4A1": 0.0,
        "CALCR": 0.0,
        "HCCS": 0.0,
        "DVL2": 0.0,
        "PRSS22": 0.0,
        "UPF1": 0.0,
        "SKAP2": 0.0,
        "SLC25A5": 0.0,
        "MCUB": 0.0,
        "HOXA11": 0.0,
        "POLR2J": 0.0,
        "DHX33": 0.0,
        "MEOX1": 0.0,
        "THSD7A": 0.0,
        "LIG3": 0.0,
        "RPAP3": 0.0,
        "ACSM3": 0.0,
        "REXO5": 0.0,
        "CIAPIN1": 0.0,
        "SPPL2B": 0.0,
        "FAM214B": 0.0,
        "COPZ2": 0.0,
        "PRKAR2B": 0.0,
        "MSL3": 0.0,
        "CREBBP": 0.0,
        "TSPOAP1": 0.0,
        "MPO": 0.0,
        "PON1": 0.0,
        "GCFC2": 0.0,
        "WDR54": 0.0,
        "CROT": 0.0
      },
      "n_selected": 0
    },
    "ensemble": {
      "method": "ensemble",
      "individual_methods": {},
      "voting_threshold": 0.5,
      "min_votes": 0,
      "selected_features": [
        "TSPAN6",
        "TNMD",
        "DPM1",
        "SCYL3",
        "C1orf112",
        "FGR",
        "CFH",
        "FUCA2",
        "GCLC",
        "NFYA",
        "STPG1",
        "NIPAL3",
        "LAS1L",
        "ENPP4",
        "SEMA3F",
        "CFTR",
        "ANKIB1",
        "CYP51A1",
        "KRIT1",
        "RAD52",
        "MYH16",
        "BAD",
        "LAP3",
        "CD99",
        "HS3ST1",
        "AOC1",
        "WNT16",
        "HECW1",
        "MAD1L1",
        "LASP1",
        "SNX11",
        "TMEM176A",
        "M6PR",
        "KLHL13",
        "CYP26B1",
        "ICA1",
        "DBNDD1",
        "ALS2",
        "CASP10",
        "CFLAR",
        "TFPI",
        "NDUFAF7",
        "RBM5",
        "MTMR7",
        "SLC7A2",
        "ARF5",
        "SARM1",
        "POLDIP2",
        "PLXND1",
        "AK2",
        "CD38",
        "FKBP4",
        "KDM1A",
        "RBM6",
        "CAMKK1",
        "RECQL",
        "VPS50",
        "HSPB6",
        "ARHGAP33",
        "NDUFAB1",
        "PDK4",
        "SLC22A16",
        "ZMYND10",
        "ABCB5",
        "ARX",
        "SLC25A13",
        "ST7",
        "CDC27",
        "SLC4A1",
        "CALCR",
        "HCCS",
        "DVL2",
        "PRSS22",
        "UPF1",
        "SKAP2",
        "SLC25A5",
        "MCUB",
        "HOXA11",
        "POLR2J",
        "DHX33",
        "MEOX1",
        "THSD7A",
        "LIG3",
        "RPAP3",
        "ACSM3",
        "REXO5",
        "CIAPIN1",
        "SPPL2B",
        "FAM214B",
        "COPZ2",
        "PRKAR2B",
        "MSL3",
        "CREBBP",
        "TSPOAP1",
        "MPO",
        "PON1",
        "GCFC2",
        "WDR54",
        "CROT"
      ],
      "feature_votes": {
        "TSPAN6": 0,
        "TNMD": 0,
        "DPM1": 0,
        "SCYL3": 0,
        "C1orf112": 0,
        "FGR": 0,
        "CFH": 0,
        "FUCA2": 0,
        "GCLC": 0,
        "NFYA": 0,
        "STPG1": 0,
        "NIPAL3": 0,
        "LAS1L": 0,
        "ENPP4": 0,
        "SEMA3F": 0,
        "CFTR": 0,
        "ANKIB1": 0,
        "CYP51A1": 0,
        "KRIT1": 0,
        "RAD52": 0,
        "MYH16": 0,
        "BAD": 0,
        "LAP3": 0,
        "CD99": 0,
        "HS3ST1": 0,
        "AOC1": 0,
        "WNT16": 0,
        "HECW1": 0,
        "MAD1L1": 0,
        "LASP1": 0,
        "SNX11": 0,
        "TMEM176A": 0,
        "M6PR": 0,
        "KLHL13": 0,
        "CYP26B1": 0,
        "ICA1": 0,
        "DBNDD1": 0,
        "ALS2": 0,
        "CASP10": 0,
        "CFLAR": 0,
        "TFPI": 0,
        "NDUFAF7": 0,
        "RBM5": 0,
        "MTMR7": 0,
        "SLC7A2": 0,
        "ARF5": 0,
        "SARM1": 0,
        "POLDIP2": 0,
        "PLXND1": 0,
        "AK2": 0,
        "CD38": 0,
        "FKBP4": 0,
        "KDM1A": 0,
        "RBM6": 0,
        "CAMKK1": 0,
        "RECQL": 0,
        "VPS50": 0,
        "HSPB6": 0,
        "ARHGAP33": 0,
        "NDUFAB1": 0,
        "PDK4": 0,
        "SLC22A16": 0,
        "ZMYND10": 0,
        "ABCB5": 0,
        "ARX": 0,
        "SLC25A13": 0,
        "ST7": 0,
        "CDC27": 0,
        "SLC4A1": 0,
        "CALCR": 0,
        "HCCS": 0,
        "DVL2": 0,
        "PRSS22": 0,
        "UPF1": 0,
        "SKAP2": 0,
        "SLC25A5": 0,
        "MCUB": 0,
        "HOXA11": 0,
        "POLR2J": 0,
        "DHX33": 0,
        "MEOX1": 0,
        "THSD7A": 0,
        "LIG3": 0,
        "RPAP3": 0,
        "ACSM3": 0,
        "REXO5": 0,
        "CIAPIN1": 0,
        "SPPL2B": 0,
        "FAM214B": 0,
        "COPZ2": 0,
        "PRKAR2B": 0,
        "MSL3": 0,
        "CREBBP": 0,
        "TSPOAP1": 0,
        "MPO": 0,
        "PON1": 0,
        "GCFC2": 0,
        "WDR54": 0,
        "CROT": 0
      },
      "n_selected": 99
    }
  },
  "consensus_features": {
    "consensus_features": [],
    "consensus_scores": {},
    "feature_counts": {},
    "method_features": {}
  },
  "evaluation": {
    "error": "No consensus features found"
  },
  "summary": {
    "n_genes": 99,
    "n_samples": 4,
    "methods_applied": [
      "stability",
      "ensemble"
    ],
    "consensus_features_count": 0,
    "method_summary": {
      "stability": {
        "n_methods": 6,